MovieID,Cluster_Num,Movie_ID,Movie_Title,Movie_Genre
1718,9,1718,Stranger in the House (1997),Thriller
2031,9,2031,"$1,000,000 Duck (1971)",Children's|Comedy
1869,9,1869,Black Dog (1998),Action|Thriller
1868,9,1868,"Truce, The (1996)",Drama|War
854,9,854,"Ballad of Narayama, The (Narayama Bushiko) (1958)",Drama
344,2,344,Ace Ventura: Pet Detective (1994),Comedy
345,0,345,"Adventures of Priscilla, Queen of the Desert, The (1994)",Comedy|Drama
346,9,346,Backbeat (1993),Drama|Musical
347,9,347,Bitter Moon (1992),Drama
340,9,340,"War, The (1994)",Adventure|Drama
341,9,341,Double Happiness (1994),Drama
342,0,342,Muriel's Wedding (1994),Comedy|Romance
343,9,343,"Baby-Sitters Club, The (1995)",Children's
348,0,348,Bullets Over Broadway (1994),Comedy
349,4,349,Clear and Present Danger (1994),Action|Adventure|Thriller
2318,0,2318,Happiness (1998),Comedy
2316,2,2316,Practical Magic (1998),Drama|Romance
2317,9,2317,"Alarmist, The (1997)",Comedy
2314,9,2314,Beloved (1998),Drama
2315,9,2315,Bride of Chucky (1998),Horror|Thriller
2312,0,2312,Children of a Lesser God (1986),Drama
2313,0,2313,"Elephant Man, The (1980)",Drama
2310,9,2310,"Mighty, The (1998)",Drama
2311,2,2311,2010 (1984),Mystery|Sci-Fi
298,9,298,Pushing Hands (1992),Comedy
299,9,299,Priest (1994),Drama
296,6,296,Pulp Fiction (1994),Crime|Drama
297,9,297,Panther (1995),Drama
294,9,294,"Perez Family, The (1995)",Comedy|Romance
295,9,295,"Pyromaniac's Love Story, A (1995)",Comedy|Romance
292,2,292,Outbreak (1995),Action|Drama|Thriller
293,4,293,"Professional, The (a.k.a. Leon: The Professional) (1994)",Crime|Drama|Romance|Thriller
290,9,290,Once Were Warriors (1994),Crime|Drama
291,9,291,Poison Ivy II (1995),Thriller
3773,9,3773,House Party (1990),Comedy
3772,9,3772,Hatchet For the Honeymoon (Rosso Segno Della Follia) (1969),Horror
3771,9,3771,"Golden Voyage of Sinbad, The (1974)",Action|Adventure
3770,2,3770,Dreamscape (1984),Adventure|Crime|Sci-Fi|Thriller
3777,9,3777,Nekromantik (1987),Comedy|Horror
3776,9,3776,Melody Time (1948),Animation|Children's|Musical
3775,9,3775,Make Mine Music (1946),Animation|Children's|Musical
3774,9,3774,House Party 2 (1991),Comedy
2147,9,2147,"Clan of the Cave Bear, The (1986)",Drama
3779,9,3779,Project Moon Base (1953),Sci-Fi
3778,9,3778,On Our Merry Way (1948),Comedy|Drama
270,9,270,Love Affair (1994),Drama|Romance
271,9,271,Losing Isaiah (1995),Drama
272,0,272,"Madness of King George, The (1994)",Drama
273,9,273,Mary Shelley's Frankenstein (1994),Drama|Horror
274,9,274,Man of the House (1995),Comedy
275,9,275,Mixed Nuts (1994),Comedy
276,9,276,Milk Money (1994),Comedy|Romance
277,9,277,Miracle on 34th Street (1994),Drama
278,9,278,Miami Rhapsody (1995),Comedy
279,9,279,My Family (1995),Drama
2814,9,2814,"Bat, The (1959)",Horror
3211,9,3211,"Cry in the Dark, A (1988)",Drama
1780,9,1780,Ayn Rand: A Sense of Life (1997),Documentary
2268,4,2268,"Few Good Men, A (1992)",Crime|Drama
2269,9,2269,Indecent Proposal (1993),Drama
1132,0,1132,Manon of the Spring (Manon des sources) (1986),Drama
2262,2,2262,About Last Night... (1986),Comedy|Drama|Romance
2263,9,2263,"Seventh Sign, The (1988)",Thriller
2260,9,2260,Wisdom (1986),Action|Crime
2261,9,2261,One Crazy Summer (1986),Comedy
2266,9,2266,"Butcher's Wife, The (1991)",Comedy|Romance
2267,9,2267,Mortal Thoughts (1991),Mystery|Thriller
2264,9,2264,We're No Angels (1989),Drama
2265,9,2265,Nothing But Trouble (1991),Adventure|Comedy
2442,9,2442,Hilary and Jackie (1998),Drama
2443,9,2443,Playing by Heart (1998),Drama|Romance
2440,9,2440,Another Day in Paradise (1998),Drama
1130,9,1130,"Howling, The (1980)",Horror
2446,9,2446,In Dreams (1999),Thriller
2447,2,2447,Varsity Blues (1999),Comedy|Drama
2444,9,2444,24 7: Twenty Four Seven (1997),Comedy|Drama
1004,9,1004,"Glimmer Man, The (1996)",Action|Thriller
2448,9,2448,Virus (1999),Horror|Sci-Fi
2449,9,2449,"Garbage Pail Kids Movie, The (1987)",Adventure|Children's
108,9,108,Catwalk (1995),Documentary
2515,9,2515,Children of the Corn II: The Final Sacrifice (1993),Horror
102,9,102,Mr. Wrong (1996),Comedy
103,9,103,Unforgettable (1996),Thriller
100,9,100,City Hall (1996),Drama|Thriller
101,9,101,Bottle Rocket (1996),Comedy
106,9,106,Nobody Loves Me (Keiner liebt mich) (1994),Comedy|Drama
107,9,107,Muppet Treasure Island (1996),Adventure|Children's|Comedy|Musical
104,2,104,Happy Gilmore (1996),Comedy
105,2,105,"Bridges of Madison County, The (1995)",Drama|Romance
2046,2,2046,Flight of the Navigator (1986),Adventure|Children's|Sci-Fi
2047,9,2047,"Gnome-Mobile, The (1967)",Children's
2044,9,2044,"Devil and Max Devlin, The (1981)",Comedy
2045,9,2045,"Far Off Place, A (1993)",Adventure|Children's|Drama|Romance
2042,9,2042,D2: The Mighty Ducks (1994),Children's|Comedy
2043,9,2043,Darby O'Gill and the Little People (1959),Adventure|Children's|Fantasy
2040,9,2040,"Computer Wore Tennis Shoes, The (1970)",Children's|Comedy
2041,9,2041,Condorman (1981),Action|Adventure|Children's|Comedy
2048,9,2048,"Great Mouse Detective, The (1986)",Animation|Children's
2049,9,2049,"Happiest Millionaire, The (1967)",Comedy|Musical
1373,2,1373,Star Trek V: The Final Frontier (1989),Action|Adventure|Sci-Fi
2839,9,2839,West Beirut (West Beyrouth) (1998),Drama
3238,9,3238,Eye of the Beholder (1999),Thriller
2737,9,2737,Assassination (1987),Action
2038,9,2038,"Cat from Outer Space, The (1978)",Children's|Comedy|Sci-Fi
2835,9,2835,Chill Factor (1999),Action|Thriller
3519,9,3519,Force 10 from Navarone (1978),Action|War
3518,9,3518,"End of Violence, The (1997)",Drama|Thriller
3513,2,3513,Rules of Engagement (2000),Drama|Thriller
3512,2,3512,Return to Me (2000),Drama|Romance
3511,9,3511,Ready to Rumble (2000),Comedy
3510,3,3510,Frequency (2000),Drama|Thriller
3517,9,3517,"Bells, The (1926)",Crime|Drama
3516,9,3516,"Bell, Book and Candle (1958)",Comedy|Romance
3515,9,3515,Me Myself I (2000),Comedy
3514,9,3514,Joe Gould's Secret (2000),Drama
2688,2,2688,"General's Daughter, The (1999)",Drama|Thriller
2689,9,2689,Get Bruce (1999),Documentary
2685,9,2685,"Red Dwarf, The (Le Nain rouge) (1998)",Comedy|Drama
2686,0,2686,"Red Violin, The (Le Violon rouge) (1998)",Drama|Mystery
2687,2,2687,Tarzan (1999),Animation|Children's
2681,9,2681,Free Enterprise (1998),Comedy|Romance|Sci-Fi
2682,9,2682,Limbo (1999),Drama
2683,8,2683,Austin Powers: The Spy Who Shagged Me (1999),Comedy
1436,9,1436,Falling in Love Again (1980),Comedy
1437,9,1437,"Cement Garden, The (1993)",Drama
1434,9,1434,"Stranger, The (1994)",Action
99,9,99,Heidi Fleiss: Hollywood Madam (1995),Documentary
98,9,98,Shopping (1994),Action|Thriller
3395,9,3395,Nadine (1987),Comedy
93,9,93,Vampire in Brooklyn (1995),Comedy|Romance
92,9,92,Mary Reilly (1996),Drama|Thriller
95,2,95,Broken Arrow (1996),Action|Thriller
94,9,94,Beautiful Girls (1996),Drama
97,9,97,"Hate (Haine, La) (1995)",Drama
96,9,96,In the Bleak Midwinter (1995),Comedy
1991,9,1991,Child's Play (1988),Horror
3206,9,3206,Against All Odds (1984),Romance
1621,9,1621,Soul Food (1997),Drama
3204,9,3204,"Boys from Brazil, The (1978)",Thriller
3203,2,3203,Dead Calm (1989),Thriller
1994,4,1994,Poltergeist (1982),Horror|Thriller
1625,4,1625,"Game, The (1997)",Mystery|Thriller
1624,9,1624,"Thousand Acres, A (1997)",Drama
1999,9,1999,"Exorcist III, The (1990)",Horror
1998,9,1998,Exorcist II: The Heretic (1977),Horror
1629,9,1629,"MatchMaker, The (1997)",Comedy|Romance
1431,9,1431,Beverly Hills Ninja (1997),Action|Comedy
3209,9,3209,"Loves of Carmen, The (1948)",Drama
3208,2,3208,Loaded Weapon 1 (1993),Action|Comedy
3013,9,3013,Bride of Re-Animator (1990),Comedy|Horror
3010,9,3010,Rosetta (1999),Drama
2860,9,2860,Blue Streak (1999),Comedy
2861,2,2861,For Love of the Game (1999),Comedy|Drama
2862,9,2862,Caligula (1980),Drama
2863,0,2863,"Hard Day's Night, A (1964)",Comedy|Musical
2864,9,2864,Splendor (1999),Comedy
558,9,558,"Pagemaster, The (1994)",Action|Adventure|Animation|Children's|Fantasy
2866,0,2866,"Buddy Holly Story, The (1978)",Drama
2867,2,2867,Fright Night (1985),Comedy|Horror
555,2,555,True Romance (1993),Action|Crime|Romance
2869,9,2869,"Separation, The (La S�paration) (1994)",Drama
557,9,557,Mamma Roma (1962),Drama
556,9,556,"War Room, The (1993)",Documentary
551,4,551,"Nightmare Before Christmas, The (1993)",Children's|Comedy|Musical
550,9,550,Threesome (1994),Comedy|Romance
553,2,553,Tombstone (1993),Western
552,2,552,"Three Musketeers, The (1993)",Action|Adventure|Comedy
3538,9,3538,East is East (1999),Comedy
3015,9,3015,Coma (1978),Thriller
1199,4,1199,Brazil (1985),Sci-Fi
1198,7,1198,Raiders of the Lost Ark (1981),Action|Adventure
3349,9,3349,"Perils of Pauline, The (1947)",Comedy
1191,9,1191,Madonna: Truth or Dare (1991),Documentary
1190,9,1190,Tie Me Up! Tie Me Down! (1990),Drama
1193,7,1193,One Flew Over the Cuckoo's Nest (1975),Drama
1192,9,1192,Paris Is Burning (1990),Documentary
3346,9,3346,Color Me Blood Red (1965),Horror
3347,0,3347,Never Cry Wolf (1983),Drama
1197,7,1197,"Princess Bride, The (1987)",Action|Adventure|Comedy|Romance
1196,7,1196,Star Wars: Episode V - The Empire Strikes Back (1980),Action|Adventure|Drama|Sci-Fi|War
1759,9,1759,Four Days in September (1997),Drama
1758,9,1758,Dangerous Beauty (1998),Drama
1756,9,1756,"Prophecy II, The (1998)",Horror
1755,9,1755,Shooting Fish (1997),Romance
1754,2,1754,Fallen (1998),Action|Mystery|Thriller
1753,9,1753,Half Baked (1998),Comedy
1752,9,1752,Hard Rain (1998),Action|Thriller
1750,9,1750,Star Kid (1997),Adventure|Children's|Fantasy|Sci-Fi
1177,9,1177,Enchanted April (1991),Drama
1176,9,1176,"Double Life of Veronique, The (La Double Vie de V�ronique) (1991)",Drama
1175,0,1175,Delicatessen (1991),Comedy|Sci-Fi
1174,9,1174,Grosse Fatigue (1994),Comedy
1173,9,1173,"Cook the Thief His Wife & Her Lover, The (1989)",Drama
1172,0,1172,Cinema Paradiso (1988),Comedy|Drama|Romance
1171,0,1171,Bob Roberts (1992),Comedy
1170,9,1170,Best of the Best 3: No Turning Back (1995),Action
1179,0,1179,"Grifters, The (1990)",Crime|Drama|Film-Noir
1178,0,1178,Paths of Glory (1957),Drama|War
511,9,511,"Program, The (1993)",Action|Drama
1006,9,1006,"Chamber, The (1996)",Drama
513,9,513,Radioland Murders (1994),Comedy|Mystery|Romance
644,9,644,Happy Weekend (1996),Comedy
1285,4,1285,Heathers (1989),Comedy
1284,0,1284,"Big Sleep, The (1946)",Film-Noir|Mystery
1287,4,1287,Ben-Hur (1959),Action|Adventure|Drama
1286,2,1286,Somewhere in Time (1980),Drama|Romance
1281,0,1281,"Great Dictator, The (1940)",Comedy
1280,0,1280,Raise the Red Lantern (1991),Drama
1283,0,1283,High Noon (1952),Western
1282,5,1282,Fantasia (1940),Animation|Children's|Musical
515,0,515,"Remains of the Day, The (1993)",Drama
1289,9,1289,Koyaanisqatsi (1983),Documentary|War
1288,4,1288,This Is Spinal Tap (1984),Comedy|Drama|Musical
1002,9,1002,Ed's Next Move (1996),Comedy
876,9,876,Police Story 4: Project S (Chao ji ji hua) (1993),Action
1579,9,1579,For Ever Mozart (1996),Drama
688,9,688,Operation Dumbo Drop (1995),Action|Adventure|Comedy|War
877,9,877,Girls Town (1996),Drama
1573,4,1573,Face/Off (1997),Action|Sci-Fi|Thriller
1572,9,1572,Contempt (Le M�pris) (1963),Drama
1571,9,1571,When the Cats Away (Chacun cherche son chat) (1996),Comedy|Romance
1000,9,1000,Curdled (1996),Crime
681,9,681,Clean Slate (Coup de Torchon) (1981),Crime
680,9,680,Alphaville (1965),Sci-Fi
1575,9,1575,Gabbeh (1996),Drama
1574,9,1574,Fall (1997),Romance
662,9,662,Fear (1996),Thriller
458,9,458,Geronimo: An American Legend (1993),Drama|Western
3433,9,3433,Death Wish 4: The Crackdown (1987),Action|Drama
1349,9,1349,Nosferatu a Venezia (1986),Horror
872,9,872,Aiqing wansui (1994),Drama
621,9,621,My Favorite Season (1993),Drama
2190,9,2190,Why Do Fools Fall In Love? (1998),Drama
3435,0,3435,Double Indemnity (1944),Crime|Film-Noir
870,9,870,Gone Fishin' (1997),Comedy
627,9,627,"Last Supper, The (1995)",Drama|Thriller
626,9,626,"Thin Line Between Love and Hate, A (1996)",Comedy
2741,9,2741,No Mercy (1986),Action|Thriller
2740,9,2740,"Kindred, The (1986)",Horror
1793,9,1793,Welcome to Woop-Woop (1997),Comedy
624,9,624,Condition Red (1995),Action|Drama|Thriller
2743,9,2743,Native Son (1986),Drama
1371,4,1371,Star Trek: The Motion Picture (1979),Action|Adventure|Sci-Fi
1370,4,1370,Die Hard 2 (1990),Action|Thriller
405,9,405,Highlander III: The Sorcerer (1994),Action|Sci-Fi
1372,4,1372,Star Trek VI: The Undiscovered Country (1991),Action|Adventure|Sci-Fi
1375,4,1375,Star Trek III: The Search for Spock (1984),Action|Adventure|Sci-Fi
1374,4,1374,Star Trek: The Wrath of Khan (1982),Action|Adventure|Sci-Fi
1377,4,1377,Batman Returns (1992),Action|Adventure|Comedy|Crime
1376,4,1376,Star Trek IV: The Voyage Home (1986),Action|Adventure|Sci-Fi
1379,2,1379,Young Guns II (1990),Action|Comedy|Western
1378,2,1378,Young Guns (1988),Action|Comedy|Western
452,9,452,Widows' Peak (1994),Drama
409,9,409,Above the Rim (1994),Drama
408,9,408,8 Seconds (1994),Drama
3834,9,3834,Bronco Billy (1980),Adventure|Drama|Romance
3835,9,3835,"Crush, The (1993)",Thriller
3836,2,3836,Kelly's Heroes (1970),Action|Comedy|War
453,9,453,For Love or Money (1993),Comedy
3830,9,3830,Psycho Beach Party (2000),Comedy|Horror|Thriller
3831,9,3831,Saving Grace (2000),Comedy
3832,9,3832,"Black Sabbath (Tre Volti Della Paura, I) (1963)",Horror
3833,9,3833,"Brain That Wouldn't Die, The (1962)",Horror|Sci-Fi
1344,0,1344,Cape Fear (1962),Film-Noir|Thriller
2192,9,2192,See the Sea (Regarde la mer) (1997),Drama
3838,9,3838,Phantasm III: Lord of the Dead (1994),Horror
3839,9,3839,Phantasm IV: Oblivion (1998),Horror
455,9,455,Free Willy (1993),Adventure|Children's|Drama
2749,9,2749,"Morning After, The (1986)",Drama|Mystery
456,9,456,Fresh (1994),Drama
2748,9,2748,Allan Quartermain and the Lost City of Gold (1987),Action|Adventure
457,7,457,"Fugitive, The (1993)",Action|Thriller
1018,9,1018,That Darn Cat! (1965),Children's|Comedy|Mystery
379,2,379,Timecop (1994),Action|Sci-Fi
378,9,378,Speechless (1994),Comedy|Romance
371,9,371,"Paper, The (1994)",Comedy|Drama
370,2,370,Naked Gun 33 1/3: The Final Insult (1994),Comedy
373,0,373,Red Rock West (1992),Thriller
372,2,372,Reality Bites (1994),Comedy|Drama
375,9,375,Safe Passage (1994),Drama
374,9,374,Richie Rich (1994),Children's|Comedy
377,4,377,Speed (1994),Action|Romance|Thriller
376,2,376,"River Wild, The (1994)",Action|Thriller
3093,0,3093,McCabe & Mrs. Miller (1971),Drama|Western
892,9,892,Twelfth Night (1996),Comedy|Drama|Romance
393,9,393,Street Fighter (1994),Action
392,9,392,"Secret Adventures of Tom Thumb, The (1993)",Adventure|Children's
391,9,391,Jason's Lyric (1994),Crime|Drama
390,9,390,Faster Pussycat! Kill! Kill! (1965),Action|Comedy|Drama
397,9,397,"Fear, The (1995)",Horror
396,9,396,Fall Time (1995),Drama
394,9,394,Coldblooded (1995),Action
398,9,398,Frank and Ollie (1995),Documentary
895,9,895,Venice/Venice (1992),Drama
2309,9,2309,"Inheritors, The (Die Siebtelbauern) (1998)",Drama
2308,9,2308,Detroit 9000 (1973),Action|Crime
2301,2,2301,History of the World: Part I (1981),Comedy
2300,1,2300,"Producers, The (1968)",Comedy|Musical
2303,0,2303,Nashville (1975),Drama|Musical
2302,4,2302,My Cousin Vinny (1992),Comedy
2305,9,2305,Slam (1998),Drama
2304,9,2304,Love Is the Devil (1998),Drama
2307,9,2307,One Tough Cop (1998),Action|Drama
2306,9,2306,Holy Man (1998),Comedy
3748,9,3748,"Match, The (1999)",Comedy|Romance
3749,9,3749,Time Regained (Le Temps Retrouv�) (1999),Drama
3746,9,3746,Butterfly (La Lengua de las Mariposas) (2000),Drama|War
3747,9,3747,Jesus' Son (1999),Drama
3744,2,3744,Shaft (2000),Action|Crime
3745,2,3745,Titan A.E. (2000),Adventure|Animation|Sci-Fi
3742,0,3742,"Battleship Potemkin, The (Bronenosets Potyomkin) (1925)",Drama|War
3743,9,3743,Boys and Girls (2000),Comedy|Romance
3740,2,3740,Big Trouble in Little China (1986),Action|Comedy
3741,0,3741,Badlands (1973),Crime|Drama
245,9,245,"Glass Shield, The (1994)",Crime|Drama
244,9,244,Gumby: The Movie (1995),Animation|Children's
247,0,247,Heavenly Creatures (1994),Drama|Fantasy|Romance|Thriller
246,0,246,Hoop Dreams (1994),Documentary
241,9,241,Fluke (1995),Children's|Drama
240,9,240,Hideaway (1995),Thriller
243,9,243,Gordy (1995),Comedy
242,9,242,Farinelli: il castrato (1994),Drama|Musical
249,2,249,Immortal Beloved (1994),Drama|Romance
248,9,248,Houseguest (1994),Comedy
2275,9,2275,Six-String Samurai (1998),Action|Adventure|Sci-Fi
2277,9,2277,Somewhere in the City (1997),Drama
2276,9,2276,"Soldier's Daughter Never Cries, A (1998)",Drama
2271,9,2271,Permanent Midnight (1998),Drama
2273,2,2273,Rush Hour (1998),Action|Thriller
2272,9,2272,One True Thing (1998),Drama
2279,9,2279,Urban Legend (1998),Horror|Thriller
2278,4,2278,Ronin (1998),Action|Crime|Thriller
972,9,972,"Last Time I Saw Paris, The (1954)",Drama
2198,9,2198,Modulations (1998),Documentary
264,9,264,"Enfer, L' (1994)",Drama
2459,9,2459,"Texas Chainsaw Massacre, The (1974)",Horror
3201,0,3201,Five Easy Pieces (1970),Drama
2455,4,2455,"Fly, The (1986)",Horror|Sci-Fi
2454,2,2454,"Fly, The (1958)",Horror|Sci-Fi
2457,2,2457,Running Scared (1986),Action|Comedy
2456,9,2456,"Fly II, The (1989)",Horror|Sci-Fi
2451,9,2451,"Gate, The (1987)",Horror
2450,2,2450,Howard the Duck (1986),Adventure|Children's|Sci-Fi
2453,9,2453,"Boy Who Could Fly, The (1986)",Drama|Fantasy
2452,9,2452,"Gate II: Trespassers, The (1990)",Horror
179,9,179,Mad Love (1995),Drama|Romance
178,9,178,Love & Human Remains (1993),Comedy
177,9,177,Lord of Illusions (1995),Horror
176,9,176,Living in Oblivion (1995),Comedy
175,9,175,Kids (1995),Drama
174,9,174,Jury Duty (1995),Comedy
173,2,173,Judge Dredd (1995),Action|Adventure|Sci-Fi
172,2,172,Johnny Mnemonic (1995),Action|Sci-Fi|Thriller
171,9,171,Jeffrey (1995),Comedy
170,2,170,Hackers (1995),Action|Crime|Thriller
3698,4,3698,"Running Man, The (1987)",Action|Adventure|Sci-Fi
3699,4,3699,Starman (1984),Adventure|Drama|Romance|Sci-Fi
2053,2,2053,"Honey, I Blew Up the Kid (1992)",Children's|Comedy|Sci-Fi
2052,9,2052,Hocus Pocus (1993),Children's|Comedy
2055,9,2055,Hot Lead and Cold Feet (1978),Comedy|Western
2054,4,2054,"Honey, I Shrunk the Kids (1989)",Adventure|Children's|Comedy|Fantasy|Sci-Fi
2057,9,2057,"Incredible Journey, The (1963)",Adventure|Children's
2056,9,2056,In Search of the Castaways (1962),Adventure|Children's
2059,2,2059,"Parent Trap, The (1998)",Children's|Drama
2058,4,2058,"Negotiator, The (1998)",Action|Thriller
3692,9,3692,Class of Nuke 'Em High (1986),Comedy|Horror
3693,9,3693,"Toxic Avenger, The (1985)",Comedy|Horror
3694,9,3694,"Toxic Avenger, Part II, The (1989)",Comedy|Horror
3695,9,3695,"Toxic Avenger Part III: The Last Temptation of Toxie, The (1989)",Comedy|Horror
3696,9,3696,Night of the Creeps (1986),Comedy|Horror|Sci-Fi
3697,2,3697,Predator 2 (1990),Action|Sci-Fi|Thriller
2156,9,2156,"Best Man, The (Il Testimone dello sposo) (1997)",Comedy|Drama
652,9,652,"301, 302 (1995)",Mystery
3088,0,3088,Harvey (1950),Comedy
1504,9,1504,Hollow Reed (1996),Drama
651,9,651,"Superweib, Das (1996)",Comedy
3526,4,3526,Parenthood (1989),Comedy|Drama
3527,4,3527,Predator (1987),Action|Sci-Fi|Thriller
3524,2,3524,Arthur (1981),Comedy|Romance
3525,2,3525,Bachelor Party (1984),Comedy
3522,9,3522,Sacco and Vanzetti (Sacco e Vanzetti) (1971),Drama
3523,9,3523,Taffin (1988),Action|Thriller
3520,9,3520,How to Stuff a Wild Bikini (1965),Comedy
3521,9,3521,Mystery Train (1989),Comedy|Crime|Drama
1508,9,1508,Traveller (1997),Drama
3528,2,3528,"Prince of Tides, The (1991)",Drama|Romance
3529,9,3529,"Postman Always Rings Twice, The (1981)",Crime|Thriller
1364,9,1364,Zero Kelvin (Kj�rlighetens kj�tere) (1995),Action
3086,9,3086,March of the Wooden Soldiers (a.k.a. Laurel & Hardy in Toyland) (1934),Comedy
338,9,338,Virtuosity (1995),Sci-Fi|Thriller
1977,9,1977,Friday the 13th: The Final Chapter (1984),Horror
658,9,658,Billy's Holiday (1995),Drama
2699,4,2699,Arachnophobia (1990),Action|Comedy|Sci-Fi|Thriller
1600,9,1600,She's So Lovely (1997),Drama|Romance
2697,9,2697,My Son the Fanatic (1998),Comedy|Drama|Romance
2696,9,2696,"Dinner Game, The (Le D�ner de cons) (1998)",Comedy
2695,9,2695,"Boys, The (1997)",Drama
2694,2,2694,Big Daddy (1999),Comedy
2693,9,2693,Trekkies (1997),Documentary
2692,4,2692,Run Lola Run (Lola rennt) (1998),Action|Crime|Romance
2691,9,2691,"Legend of 1900, The (Leggenda del pianista sull'oceano) (1998)",Drama
1365,9,1365,Ridicule (1996),Drama
1602,9,1602,Leave It to Beaver (1997),Comedy
1605,9,1605,Excess Baggage (1997),Adventure|Romance
1604,9,1604,Money Talks (1997),Action|Comedy
3223,9,3223,"Zed & Two Noughts, A (1985)",Drama
1970,9,1970,"Nightmare on Elm Street 3: Dream Warriors, A (1987)",Horror
1362,9,1362,"Garden of Finzi-Contini, The (Giardino dei Finzi-Contini, Il) (1970)",Drama
3232,9,3232,Seven Chances (1925),Comedy
3233,9,3233,Smashing Time (1967),Comedy
3230,9,3230,"Odessa File, The (1974)",Thriller
1968,4,1968,"Breakfast Club, The (1985)",Comedy|Drama
1969,9,1969,"Nightmare on Elm Street Part 2: Freddy's Revenge, A (1985)",Horror
1619,2,1619,Seven Years in Tibet (1997),Drama|War
1964,0,1964,Klute (1971),Drama|Mystery
1617,7,1617,L.A. Confidential (1997),Crime|Film-Noir|Mystery|Thriller
1966,9,1966,Metropolitan (1990),Comedy
1967,2,1967,Labyrinth (1986),Adventure|Children's|Fantasy
1960,0,1960,"Last Emperor, The (1987)",Drama|War
1961,4,1961,Rain Man (1988),Drama
1962,0,1962,Driving Miss Daisy (1989),Drama
1963,0,1963,Take the Money and Run (1969),Comedy
1749,9,1749,"Leading Man, The (1996)",Romance
2873,9,2873,Lulu on the Bridge (1998),Drama|Mystery|Romance
2872,4,2872,Excalibur (1981),Action|Drama|Fantasy|Romance
2871,0,2871,Deliverance (1972),Adventure|Thriller
2870,9,2870,Barefoot in the Park (1967),Comedy
2877,9,2877,Tommy (1975),Drama|Musical
2876,9,2876,Thumbelina (1994),Animation|Children's
2875,2,2875,Sommersby (1993),Drama|Mystery|Romance
2874,9,2874,"Pajama Game, The (1957)",Comedy
2879,9,2879,Operation Condor (Feiying gaiwak) (1990),Action|Adventure|Comedy
2878,9,2878,Hell Night (1981),Horror
3355,9,3355,"Ninth Gate, The (2000)",Thriller
3354,2,3354,Mission to Mars (2000),Sci-Fi
3357,9,3357,East-West (Est-ouest) (1999),Drama|Romance
3351,9,3351,Two Thousand Maniacs! (1964),Horror
3350,9,3350,"Raisin in the Sun, A (1961)",Drama
3353,9,3353,"Closer You Get, The (2000)",Comedy|Romance
1117,9,1117,"Eighth Day, The (Le Huiti�me jour ) (1996)",Drama
3359,0,3359,Breaking Away (1979),Drama
3358,2,3358,Defending Your Life (1991),Comedy|Romance
3781,9,3781,Shaft in Africa (1973),Action|Crime
1769,2,1769,"Replacement Killers, The (1998)",Action|Thriller
1116,9,1116,"Single Girl, A (La Fille Seule) (1995)",Drama
1361,9,1361,Paradise Lost: The Child Murders at Robin Hood Hills (1996),Documentary
1762,9,1762,Deep Rising (1998),Action|Horror|Sci-Fi
1760,9,1760,Spice World (1997),Comedy|Musical
1767,9,1767,Music From Another Room (1998),Drama|Romance
1764,9,1764,Tainted (1998),Comedy|Thriller
1142,9,1142,Get Over It (1996),Drama
2965,9,2965,"Omega Code, The (1999)",Action
1147,0,1147,When We Were Kings (1996),Documentary
1144,9,1144,"Line King: Al Hirschfeld, The (1996)",Documentary
1145,9,1145,Snowriders (1996),Documentary
1148,5,1148,"Wrong Trousers, The (1993)",Animation|Comedy
1149,9,1149,JLG/JLG - autoportrait de d�cembre (1994),Documentary|Drama
2966,0,2966,"Straight Story, The (1999)",Drama
690,9,690,"Promise, The (Versprechen, Das) (1994)",Romance
1546,9,1546,Schizopolis (1996),Comedy
1547,9,1547,Shiloh (1997),Children's|Drama
1544,4,1544,"Lost World: Jurassic Park, The (1997)",Action|Adventure|Sci-Fi|Thriller
1545,9,1545,Ponette (1996),Drama
1542,9,1542,Brassed Off (1996),Comedy|Drama|Romance
697,9,697,Feeling Minnesota (1996),Drama|Romance
694,9,694,"Substitute, The (1996)",Action
1541,9,1541,Addicted to Love (1997),Comedy|Romance
698,9,698,Delta of Venus (1994),Drama
1548,9,1548,"War at Home, The (1996)",Drama
1549,9,1549,Rough Magic (1995),Drama|Romance
542,9,542,Son in Law (1993),Comedy
543,2,543,So I Married an Axe Murderer (1993),Comedy|Romance|Thriller
540,9,540,Sliver (1993),Thriller
541,7,541,Blade Runner (1982),Film-Noir|Sci-Fi
546,9,546,Super Mario Bros. (1993),Action|Adventure|Children's|Sci-Fi
547,9,547,Surviving the Game (1994),Action|Adventure|Thriller
544,9,544,Striking Distance (1993),Action
545,9,545,Harlem (1993),Drama
3784,9,3784,"Kid, The (2000)",Comedy
548,9,548,Terminal Velocity (1994),Action
549,9,549,Thirty-Two Short Films About Glenn Gould (1993),Documentary
1864,9,1864,Sour Grapes (1998),Comedy
760,9,760,Stalingrad (1993),War
761,9,761,"Phantom, The (1996)",Adventure
2969,9,2969,"Man and a Woman, A (Un Homme et une Femme) (1966)",Drama|Romance
1785,9,1785,King of New York (1990),Action|Crime
1627,9,1627,U Turn (1997),Action|Crime|Mystery
2388,9,2388,Steam: The Turkish Bath (Hamam) (1997),Drama|Romance
1787,9,1787,"Paralyzing Fear: The Story of Polio in America, A (1998)",Documentary
2158,9,2158,"Henry: Portrait of a Serial Killer, Part 2 (1996)",Crime|Horror
414,9,414,"Air Up There, The (1994)",Comedy
415,9,415,Another Stakeout (1993),Comedy|Thriller
416,9,416,Bad Girls (1994),Western
417,9,417,Barcelona (1994),Comedy|Romance
1388,2,1388,Jaws 2 (1978),Action|Horror
1389,9,1389,Jaws 3-D (1983),Action|Horror
412,0,412,"Age of Innocence, The (1993)",Drama
413,9,413,Airheads (1994),Comedy
1384,9,1384,"Substance of Fire, The (1996)",Drama
1385,2,1385,Under Siege (1992),Action
1386,9,1386,Terror in a Texas Town (1958),Western
1387,7,1387,Jaws (1975),Action|Horror
1380,4,1380,Grease (1978),Comedy|Musical|Romance
1381,9,1381,Grease 2 (1982),Comedy|Musical|Romance
1382,9,1382,Marked for Death (1990),Action|Drama
1383,9,1383,Adrenalin: Fear the Rush (1996),Action|Sci-Fi
3827,2,3827,Space Cowboys (2000),Action|Sci-Fi
3826,2,3826,Hollow Man (2000),Horror|Sci-Fi|Thriller
3825,9,3825,Coyote Ugly (2000),Drama
3824,9,3824,Autumn in New York (2000),Drama|Romance
3823,9,3823,Wonderland (1999),Drama
3822,9,3822,"Girl on the Bridge, The (La Fille sur le Pont) (1999)",Drama|Romance
3821,9,3821,Nutty Professor II: The Klumps (2000),Comedy
3820,9,3820,Thomas and the Magic Railroad (2000),Children's
3828,9,3828,Better Living (1998),Comedy
2441,9,2441,"Hi-Lo Country, The (1998)",Drama|Western
2438,9,2438,Outside Ozona (1998),Drama|Thriller
3042,9,3042,Meatballs III (1987),Comedy
2445,9,2445,At First Sight (1999),Drama
3588,9,3588,"King of Marvin Gardens, The (1972)",Crime|Drama
1447,9,1447,Gridlock'd (1997),Crime
368,4,368,Maverick (1994),Action|Comedy|Western
369,9,369,Mrs. Parker and the Vicious Circle (1994),Drama
366,9,366,Wes Craven's New Nightmare (1994),Horror
367,4,367,"Mask, The (1994)",Comedy|Crime|Fantasy
364,4,364,"Lion King, The (1994)",Animation|Children's|Musical
365,9,365,Little Buddha (1993),Drama
362,9,362,"Jungle Book, The (1994)",Adventure|Children's|Romance
363,9,363,"Wonderful, Horrible Life of Leni Riefenstahl, The (Die Macht der Bilder) (1993)",Documentary
360,9,360,I Love Trouble (1994),Action|Comedy
361,2,361,It Could Happen to You (1994),Drama|Romance
2760,9,2760,"Gambler, The (A J�t�kos) (1997)",Drama
3202,9,3202,Even Dwarfs Started Small (Auch Zwerge haben klein angefangen) (1971),Drama
2098,9,2098,Son of Flubber (1963),Children's|Comedy
380,4,380,True Lies (1994),Action|Adventure|Comedy|Romance
381,9,381,When a Man Loves a Woman (1994),Drama
382,2,382,Wolf (1994),Drama|Horror
383,2,383,Wyatt Earp (1994),Western
384,9,384,Bad Company (1995),Action
385,9,385,"Man of No Importance, A (1994)",Drama
386,9,386,S.F.W. (1994),Drama
387,9,387,"Low Down Dirty Shame, A (1994)",Action|Comedy
388,9,388,Boys Life (1995),Drama
389,9,389,"Colonel Chabert, Le (1994)",Drama|Romance|War
3215,9,3215,Voyage of the Damned (1976),Drama
1369,9,1369,I Can't Sleep (J'ai pas sommeil) (1994),Drama|Thriller
3216,9,3216,Vampyros Lesbos (Las Vampiras) (1970),Horror
3759,9,3759,Fun and Fancy Free (1947),Animation|Children's|Musical
3758,9,3758,Communion (1989),Drama|Sci-Fi|Thriller
3751,5,3751,Chicken Run (2000),Animation|Children's|Comedy
3753,3,3753,"Patriot, The (2000)",Action|Drama|War
3752,2,3752,"Me, Myself and Irene (2000)",Comedy
3755,3,3755,"Perfect Storm, The (2000)",Action|Adventure|Thriller
3754,9,3754,"Adventures of Rocky and Bullwinkle, The (2000)",Animation|Children's|Comedy
3757,9,3757,Asylum (1972),Horror
3756,9,3756,"Golden Bowl, The (2000)",Drama
182,9,182,Moonlight and Valentino (1995),Drama|Romance
2191,9,2191,"Merry War, A (1997)",Comedy
258,9,258,"Kid in King Arthur's Court, A (1995)",Adventure|Children's|Comedy|Fantasy|Romance
2193,4,2193,Willow (1988),Action|Adventure|Fantasy
2194,4,2194,"Untouchables, The (1987)",Action|Crime|Drama
2195,9,2195,Dirty Work (1998),Comedy
2196,9,2196,Knock Off (1998),Action
2197,9,2197,Firelight (1997),Drama
252,2,252,I.Q. (1994),Comedy|Romance
253,3,253,Interview with the Vampire (1994),Drama|Horror
250,9,250,Heavyweights (1994),Children's|Comedy
251,9,251,"Hunted, The (1995)",Action
256,9,256,Junior (1994),Comedy|Sci-Fi
257,9,257,Just Cause (1995),Mystery|Thriller
254,9,254,Jefferson in Paris (1995),Drama
3901,9,3901,Duets (2000),Comedy|Drama
2200,9,2200,Under Capricorn (1949),Drama
2201,9,2201,"Paradine Case, The (1947)",Drama
2202,0,2202,Lifeboat (1944),Drama|Thriller|War
2203,0,2203,Shadow of a Doubt (1943),Film-Noir|Thriller
2204,9,2204,Saboteur (1942),Thriller
2205,9,2205,Mr. & Mrs. Smith (1941),Comedy
2206,9,2206,Suspicion (1941),Mystery|Thriller
2207,9,2207,Jamaica Inn (1939),Drama
2208,0,2208,"Lady Vanishes, The (1938)",Comedy|Mystery|Romance|Thriller
2209,9,2209,Young and Innocent (1937),Crime|Thriller
2428,2,2428,"Faculty, The (1998)",Horror|Sci-Fi
2429,9,2429,Mighty Joe Young (1998),Adventure|Children's|Drama
2400,9,2400,Prancer (1989),Children's|Drama
2420,2,2420,"Karate Kid, The (1984)",Drama
2421,2,2421,"Karate Kid, Part II, The (1986)",Action|Adventure|Drama
2422,9,2422,"Karate Kid III, The (1989)",Action|Adventure|Drama
2423,2,2423,Christmas Vacation (1989),Comedy
2424,2,2424,You've Got Mail (1998),Comedy|Romance
2425,9,2425,"General, The (1998)",Crime
2426,9,2426,"Theory of Flight, The (1998)",Comedy|Drama|Romance
2427,2,2427,"Thin Red Line, The (1998)",Action|Drama|War
2432,9,2432,Stepmom (1998),Drama
1848,9,1848,"Borrowers, The (1997)",Adventure|Children's|Comedy|Fantasy
168,2,168,First Knight (1995),Action|Adventure|Drama|Romance
169,9,169,Free Willy 2: The Adventure Home (1995),Adventure|Children's|Drama
164,0,164,Devil in a Blue Dress (1995),Crime|Film-Noir|Mystery|Thriller
165,4,165,Die Hard: With a Vengeance (1995),Action|Thriller
166,9,166,"Doom Generation, The (1995)",Comedy|Drama
167,9,167,Feast of July (1995),Drama
160,2,160,Congo (1995),Action|Adventure|Mystery|Sci-Fi
161,4,161,Crimson Tide (1995),Drama|Thriller|War
162,0,162,Crumb (1994),Documentary
163,2,163,Desperado (1995),Action|Romance|Thriller
3689,9,3689,Porky's II: The Next Day (1983),Comedy
3688,2,3688,Porky's (1981),Comedy
3683,0,3683,Blood Simple (1984),Drama|Film-Noir
3682,9,3682,Magnum Force (1973),Western
3681,0,3681,For a Few Dollars More (1965),Western
3680,9,3680,"Decline of Western Civilization Part II: The Metal Years, The (1988)",Documentary
3687,9,3687,Light Years (1988),Sci-Fi
3686,2,3686,Flatliners (1990),Thriller
3685,0,3685,Prizzi's Honor (1985),Comedy|Drama|Romance
3684,0,3684,"Fabulous Baker Boys, The (1989)",Drama|Romance
3212,9,3212,Born to Win (1971),Drama
2518,2,2518,Night Shift (1982),Comedy
2519,9,2519,House on Haunted Hill (1958),Horror
1842,9,1842,Illtown (1996),Crime|Drama
2514,9,2514,Pet Sematary II (1992),Horror
2066,9,2066,Out of the Past (1947),Film-Noir
2516,9,2516,Children of the Corn III (1994),Horror
2517,2,2517,Christine (1983),Horror
2510,9,2510,Just the Ticket (1999),Comedy|Romance
2511,9,2511,"Long Goodbye, The (1973)",Crime
2512,9,2512,"Ballad of Narayama, The (Narayama Bushiko) (1982)",Drama
2513,2,2513,Pet Sematary (1989),Horror
2734,2,2734,"Mosquito Coast, The (1986)",Drama
2735,2,2735,"Golden Child, The (1986)",Action|Adventure|Comedy
2736,9,2736,Brighton Beach Memoirs (1986),Comedy
909,0,909,"Apartment, The (1960)",Comedy|Drama
2730,9,2730,Barry Lyndon (1975),Drama
2731,0,2731,"400 Blows, The (Les Quatre cents coups) (1959)",Drama
2732,9,2732,Jules and Jim (Jules et Jim) (1961),Drama
2733,9,2733,Vibes (1988),Adventure|Comedy
2738,9,2738,Crimes of the Heart (1986),Comedy|Drama
2739,0,2739,"Color Purple, The (1985)",Drama
2848,9,2848,Othello (1952),Drama
3531,9,3531,All the Vermeers in New York (1990),Comedy|Drama|Romance
3530,9,3530,Smoking/No Smoking (1993),Comedy
3533,9,3533,"Actor's Revenge, An (Yukinojo Henge) (1963)",Drama
3532,9,3532,Freedom for Us (� nous la libert� ) (1931),Comedy
3535,3,3535,American Psycho (2000),Comedy|Horror|Thriller
3534,2,3534,28 Days (2000),Comedy
3537,9,3537,Where the Money Is (2000),Comedy|Drama
3536,2,3536,Keeping the Faith (2000),Comedy|Romance
3539,9,3539,"Filth and the Fury, The (2000)",Documentary
1090,4,1090,Platoon (1986),Drama|War
679,9,679,"Run of the Country, The (1995)",Drama
1814,9,1814,"Price Above Rubies, A (1998)",Drama
1815,9,1815,Eden (1997),Drama
1816,9,1816,Two Girls and a Guy (1997),Comedy|Drama
1817,9,1817,No Looking Back (1998),Comedy|Drama|Romance
1810,2,1810,Primary Colors (1998),Drama
1811,9,1811,"Niagara, Niagara (1997)",Drama
1812,9,1812,Wide Awake (1998),Children's|Comedy|Drama
1107,9,1107,Loser (1991),Comedy
1098,9,1098,"Search for One-eye Jimmy, The (1996)",Comedy
1099,9,1099,"Christmas Carol, A (1938)",Drama
1444,9,1444,Guantanamera (1994),Comedy
2401,2,2401,Pale Rider (1985),Western
1609,9,1609,187 (1997),Drama
1608,4,1608,Air Force One (1997),Action|Thriller
3229,9,3229,Another Man's Poison (1952),Crime|Drama
3228,9,3228,Wirey Spindell (1999),Comedy
1979,9,1979,Friday the 13th Part VI: Jason Lives (1986),Horror
1978,9,1978,Friday the 13th Part V: A New Beginning (1985),Horror
1601,9,1601,Hoodlum (1997),Crime|Drama|Film-Noir
1976,9,1976,Friday the 13th Part 3: 3D (1982),Horror
1603,2,1603,Mimic (1997),Sci-Fi|Thriller
1974,2,1974,Friday the 13th (1980),Horror
1973,9,1973,Freddy's Dead: The Final Nightmare (1991),Horror
1972,9,1972,"Nightmare on Elm Street 5: The Dream Child, A (1989)",Horror
1971,9,1971,"Nightmare on Elm Street 4: The Dream Master, A (1988)",Horror
1606,9,1606,Kull the Conqueror (1997),Action|Adventure
1555,9,1555,"To Have, or Not (1995)",Drama
809,9,809,Fled (1996),Action|Adventure
808,9,808,Alaska (1996),Adventure|Children's
803,9,803,Walking and Talking (1996),Romance
802,2,802,Phenomenon (1996),Drama|Romance
801,9,801,Harriet the Spy (1996),Children's|Comedy
800,0,800,Lone Star (1996),Drama|Mystery
807,9,807,"Rendezvous in Paris (Rendez-vous de Paris, Les) (1995)",Comedy|Romance
806,9,806,American Buffalo (1996),Drama
805,2,805,"Time to Kill, A (1996)",Drama
804,9,804,She's the One (1996),Comedy|Romance
1085,9,1085,"Old Man and the Sea, The (1958)",Adventure|Drama
2849,9,2849,Queens Logic (1991),Comedy|Drama
2846,9,2846,"Adventures of Milo and Otis, The (1986)",Children's
2847,9,2847,Only Angels Have Wings (1939),Drama
2844,9,2844,"Minus Man, The (1999)",Drama|Mystery
2845,9,2845,White Boys (1999),Drama
2842,9,2842,Best Laid Plans (1999),Crime|Drama
2843,9,2843,"Black Cat, White Cat (Crna macka, beli macor) (1998)",Comedy|Romance
2840,2,2840,Stigmata (1999),Thriller
2841,2,2841,Stir of Echoes (1999),Thriller
3320,9,3320,Mifune (Mifunes sidste sang) (1999),Comedy|Romance
3321,9,3321,"Waiting Game, The (2000)",Comedy
3322,9,3322,3 Strikes (2000),Comedy
2614,9,2614,Chopping Mall (a.k.a. Killbots) (1986),Action|Horror|Sci-Fi
3324,9,3324,Drowning Mona (2000),Comedy
3325,9,3325,"Next Best Thing, The (2000)",Comedy|Drama
3326,9,3326,What Planet Are You From? (2000),Comedy|Sci-Fi
3327,9,3327,Beyond the Mat (2000),Documentary
3328,2,3328,Ghost Dog: The Way of the Samurai (1999),Crime|Drama
3329,9,3329,"Year My Voice Broke, The (1987)",Drama
1777,4,1777,"Wedding Singer, The (1998)",Comedy|Romance
1771,9,1771,Night Flier (1997),Horror
1770,9,1770,B. Monkey (1998),Romance|Thriller
1773,9,1773,Tokyo Fist (1995),Action|Drama
1772,9,1772,Blues Brothers 2000 (1998),Action|Comedy|Musical
1779,2,1779,Sphere (1998),Adventure|Sci-Fi|Thriller
2998,9,2998,Dreaming of Joseph Lees (1998),Romance
2999,9,2999,Man of the Century (1999),Comedy
1154,9,1154,T-Men (1947),Film-Noir
301,9,301,Picture Bride (1995),Drama|Romance
1151,9,1151,Faust (1994),Animation|Comedy|Thriller
1150,9,1150,"Return of Martin Guerre, The (Retour de Martin Guerre, Le) (1982)",Drama
1153,9,1153,Raw Deal (1948),Film-Noir
1152,9,1152,He Walked by Night (1948),Crime|Film-Noir|Thriller
59,9,59,"Confessional, The (Le Confessionnal) (1995)",Drama|Mystery
2618,9,2618,"Castle, The (1997)",Comedy
58,0,58,"Postino, Il (The Postman) (1994)",Drama|Romance
1551,9,1551,Buddy (1997),Adventure|Children's|Drama
1550,9,1550,Trial and Error (1997),Comedy|Romance
1553,9,1553,Late Bloomers (1996),Comedy
1552,4,1552,Con Air (1997),Action|Adventure|Thriller
3038,9,3038,"Face in the Crowd, A (1957)",Drama
3039,4,3039,Trading Places (1983),Comedy
1556,9,1556,Speed 2: Cruise Control (1997),Action|Romance|Thriller
3034,2,3034,Robin Hood (1973),Animation|Children's
2991,2,2991,Live and Let Die (1973),Action
3036,9,3036,Quest for Fire (1981),Adventure
3037,0,3037,Little Big Man (1970),Comedy|Drama|Western
3030,0,3030,Yojimbo (1961),Comedy|Drama|Western
50,6,50,"Usual Suspects, The (1995)",Crime|Thriller
3032,9,3032,"Omega Man, The (1971)",Sci-Fi
2997,8,2997,Being John Malkovich (1999),Comedy
537,9,537,Sirens (1994),Comedy|Drama
2990,2,2990,Licence to Kill (1989),Action
2804,4,2804,"Christmas Story, A (1983)",Comedy|Drama
534,0,534,Shadowlands (1993),Drama|Romance
533,9,533,"Shadow, The (1994)",Action
532,2,532,Serial Mom (1994),Comedy|Crime|Horror
531,2,531,"Secret Garden, The (1993)",Children's|Drama
3035,0,3035,Mister Roberts (1955),Comedy|Drama|War
1940,9,1940,Gentleman's Agreement (1947),Drama
57,9,57,Home for the Holidays (1995),Drama
539,4,539,Sleepless in Seattle (1993),Comedy|Romance
538,0,538,Six Degrees of Separation (1993),Drama
2993,2,2993,Thunderball (1965),Action
200,9,200,"Tie That Binds, The (1995)",Thriller
2994,9,2994,"City, The (1998)",Drama
2995,9,2995,"House on Haunted Hill, The (1999)",Horror
3294,9,3294,Eaten Alive (1976),Horror
2996,9,2996,Music of the Heart (1999),Drama
3295,9,3295,Raining Stones (1993),Drama
52,0,52,Mighty Aphrodite (1995),Comedy
1904,9,1904,Henry Fool (1997),Comedy|Drama
1975,9,1975,Friday the 13th Part 2 (1981),Horror
3297,9,3297,With Byrd at the South Pole (1930),Documentary
536,9,536,"Simple Twist of Fate, A (1994)",Drama
3290,9,3290,Soft Toilet Seats (1999),Comedy
535,0,535,Short Cuts (1993),Drama
3291,9,3291,Trois (2000),Thriller
429,9,429,Cabin Boy (1994),Comedy
428,2,428,"Bronx Tale, A (1993)",Drama
3292,9,3292,"Big Combo, The (1955)",Film-Noir
1399,9,1399,Marvin's Room (1996),Drama
1398,9,1398,In Love and War (1996),Romance|War
421,9,421,Black Beauty (1994),Adventure|Children's
1396,4,1396,Sneakers (1992),Crime|Drama|Sci-Fi
1395,0,1395,Tin Men (1987),Comedy|Drama
1394,4,1394,Raising Arizona (1987),Comedy
425,9,425,Blue Sky (1994),Drama|Romance
1392,9,1392,Citizen Ruth (1996),Comedy|Drama
1391,4,1391,Mars Attacks! (1996),Action|Comedy|Sci-Fi|War
1390,9,1390,My Fellow Americans (1996),Comedy
3812,0,3812,Everything You Always Wanted to Know About Sex (1972),Comedy
3813,9,3813,Interiors (1978),Drama
3810,9,3810,White Sands (1992),Drama|Thriller
3811,0,3811,Breaker Morant (1980),Drama|War
3816,9,3816,"Official Story, The (La Historia Oficial) (1985)",Drama
3817,9,3817,"Other Side of Sunday, The (S�ndagsengler) (1996)",Comedy|Drama
3814,0,3814,Love and Death (1975),Comedy
3818,9,3818,Pot O' Gold (1941),Comedy|Musical
3819,0,3819,Tampopo (1986),Comedy
850,9,850,Cyclo (1995),Crime|Drama
3626,9,3626,8 1/2 Women (1999),Comedy
851,9,851,Basquiat (1996),Drama
3454,9,3454,Whatever It Takes (2000),Comedy|Romance
1841,9,1841,"Gingerbread Man, The (1998)",Drama|Thriller
3475,9,3475,"Place in the Sun, A (1951)",Drama|Romance
2183,0,2183,"Man Who Knew Too Much, The (1956)",Thriller
2182,9,2182,"Wrong Man, The (1956)",Drama|Film-Noir|Thriller
2181,9,2181,Marnie (1964),Thriller
2180,9,2180,Torn Curtain (1966),Thriller
2187,9,2187,Stage Fright (1950),Mystery|Thriller
2186,0,2186,Strangers on a Train (1951),Film-Noir|Thriller
229,9,229,Death and the Maiden (1994),Drama|Thriller
2184,9,2184,"Trouble with Harry, The (1955)",Mystery|Thriller
227,9,227,Drop Zone (1994),Action
226,9,226,Dream Man (1995),Thriller
2189,9,2189,I Married A Strange Person (1997),Animation
2188,9,2188,54 (1998),Drama
223,8,223,Clerks (1994),Comedy
222,2,222,Circle of Friends (1995),Drama|Romance
220,9,220,Castle Freak (1995),Horror
2213,9,2213,Waltzes from Vienna (1933),Comedy|Musical
2212,9,2212,"Man Who Knew Too Much, The (1934)",Thriller
3075,9,3075,Repulsion (1965),Thriller
2210,9,2210,Sabotage (1936),Thriller
2217,9,2217,Elstree Calling (1930),Comedy|Musical
2215,9,2215,Rich and Strange (1932),Comedy|Romance
2214,9,2214,Number Seventeen (1932),Thriller
2219,9,2219,Murder! (1930),Mystery|Thriller
2218,9,2218,Juno and Paycock (1930),Drama
763,9,763,"Last of the High Kings, The (a.k.a. Summer Fling) (1996)",Drama
864,9,864,"Wife, The (1995)",Comedy|Drama
151,2,151,Rob Roy (1995),Drama|Romance|War
150,4,150,Apollo 13 (1995),Drama
153,2,153,Batman Forever (1995),Action|Adventure|Comedy|Crime
2232,9,2232,Cube (1997),Sci-Fi|Thriller
155,9,155,Beyond Rangoon (1995),Drama|War
154,9,154,Belle de jour (1967),Drama
157,9,157,Canadian Bacon (1994),Comedy|War
156,9,156,Blue in the Face (1995),Comedy
2433,2,2433,"Civil Action, A (1998)",Drama
158,9,158,Casper (1995),Adventure|Children's
2431,2,2431,Patch Adams (1998),Comedy|Drama
2430,9,2430,Mighty Joe Young (1949),Adventure|Children's|Drama
2437,9,2437,Wilde (1997),Drama
2436,9,2436,Tea with Mussolini (1999),Comedy
2435,9,2435,Hurlyburly (1998),Drama
2434,9,2434,Down in the Delta (1998),Drama
1161,9,1161,"Tin Drum, The (Blechtrommel, Die) (1979)",Drama
2293,9,2293,Shadrach (1998),Drama
2509,9,2509,Eight Days a Week (1997),Comedy
2507,9,2507,Breakfast of Champions (1999),Comedy
2506,9,2506,"Other Sister, The (1999)",Comedy|Drama|Romance
2505,2,2505,8MM (1999),Thriller
2504,9,2504,200 Cigarettes (1999),Comedy|Drama
2063,9,2063,Seventh Heaven (Le Septi�me ciel) (1997),Drama|Romance
2502,8,2502,Office Space (1999),Comedy|Romance
2501,2,2501,October Sky (1999),Drama
2500,9,2500,Jawbreaker (1999),Comedy
124,9,124,"Star Maker, The (Uomo delle stelle, L') (1995)",Drama
2726,9,2726,"Killing, The (1956)",Crime|Film-Noir
2725,9,2725,Twin Falls Idaho (1999),Drama
2724,2,2724,Runaway Bride (1999),Comedy|Romance
2723,2,2723,Mystery Men (1999),Action|Adventure|Comedy
2722,2,2722,Deep Blue Sea (1999),Action|Sci-Fi|Thriller
2721,9,2721,Trick (1999),Romance
2720,9,2720,Inspector Gadget (1999),Action|Adventure|Children's|Comedy
2729,0,2729,Lolita (1962),Drama
2728,0,2728,Spartacus (1960),Drama
1807,9,1807,"Cool Dry Place, A (1998)",Drama
1806,9,1806,Paulie (1998),Adventure|Children's|Comedy
1805,2,1805,Wild Things (1998),Crime|Drama|Mystery|Thriller
1804,9,1804,"Newton Boys, The (1998)",Crime|Drama
3786,9,3786,But I'm a Cheerleader (1999),Comedy
3787,9,3787,Shower (Xizhao) (1999),Comedy
1801,2,1801,"Man in the Iron Mask, The (1998)",Action|Drama|Romance
3785,2,3785,Scary Movie (2000),Comedy|Horror
3788,0,3788,Blowup (1966),Drama|Mystery
3789,9,3789,"Pawnbroker, The (1965)",Drama
1809,9,1809,Hana-bi (1997),Comedy|Crime|Drama
90,9,90,"Journey of August King, The (1995)",Drama
632,9,632,Land and Freedom (Tierra y libertad) (1995),War
127,9,127,"Silence of the Palace, The (Saimt el Qusur) (1994)",Drama
3710,9,3710,Action Jackson (1988),Action|Comedy
3258,2,3258,Death Becomes Her (1992),Comedy
3259,2,3259,Far and Away (1992),Drama|Romance
1948,0,1948,Tom Jones (1963),Comedy
1949,0,1949,"Man for All Seasons, A (1966)",Drama
1525,9,1525,Warriors of Virtue (1997),Action|Adventure|Children's|Fantasy
3250,2,3250,Alive (1993),Drama
3251,0,3251,Agnes of God (1985),Drama|Mystery
3252,2,3252,Scent of a Woman (1992),Drama
3253,4,3253,Wayne's World (1992),Comedy
3254,2,3254,Wayne's World 2 (1993),Comedy
3255,4,3255,"League of Their Own, A (1992)",Comedy|Drama
3256,4,3256,Patriot Games (1992),Action|Thriller
3257,2,3257,"Bodyguard, The (1992)",Action|Drama|Romance|Thriller
818,9,818,"Very Brady Sequel, A (1996)",Comedy
1255,9,1255,Bad Taste (1987),Comedy|Horror
810,9,810,Kazaam (1996),Children's|Comedy|Fantasy
811,9,811,"Bewegte Mann, Der (1994)",Comedy
813,9,813,Larger Than Life (1996),Comedy
814,9,814,"Boy Called Hate, A (1995)",Drama
815,9,815,Power 98 (1995),Action|Mystery|Thriller
2859,0,2859,Stop Making Sense (1984),Documentary
2858,8,2858,American Beauty (1999),Comedy|Drama
3495,9,3495,Roadside Prophets (1992),Comedy|Drama
1522,9,1522,Ripe (1996),Drama
1990,9,1990,Prom Night IV: Deliver Us From Evil (1992),Horror
2851,9,2851,Saturn 3 (1979),Adventure|Sci-Fi|Thriller
2850,9,2850,Public Access (1993),Drama|Thriller
2853,9,2853,"Communion (a.k.a. Alice, Sweet Alice/Holy Terror) (1977)",Horror
2852,9,2852,"Soldier's Story, A (1984)",Drama
2855,9,2855,Nightmares (1983),Horror
1993,9,1993,Child's Play 3 (1992),Horror
2857,0,2857,Yellow Submarine (1968),Animation|Musical
2856,9,2856,I Saw What You Did (1965),Thriller
1490,9,1490,B*A*P*S (1997),Comedy
1397,9,1397,Bastard Out of Carolina (1996),Drama
3331,9,3331,My Tutor (1983),Drama
1620,2,1620,Kiss the Girls (1997),Crime|Drama|Thriller
1494,9,1494,"Sixth Man, The (1997)",Comedy
1495,9,1495,Turbo: A Power Rangers Movie (1997),Action|Adventure|Children's
1496,9,1496,Anna Karenina (1997),Drama|Romance
3334,0,3334,Key Largo (1948),Crime|Drama|Film-Noir|Thriller
1498,9,1498,Inventing the Abbotts (1997),Drama|Romance
1499,2,1499,Anaconda (1997),Action|Adventure|Thriller
3339,9,3339,Cross of Iron (1977),War
3338,9,3338,For All Mankind (1989),Documentary
423,2,423,Blown Away (1994),Action|Thriller
1626,9,1626,Fire Down Below (1997),Action|Drama|Thriller
1701,0,1701,Deconstructing Harry (1997),Comedy|Drama
1702,9,1702,Flubber (1997),Children's|Comedy|Fantasy
1703,9,1703,For Richer or Poorer (1997),Comedy
1704,8,1704,Good Will Hunting (1997),Drama
1997,4,1997,"Exorcist, The (1973)",Horror
1707,9,1707,Home Alone 3 (1997),Children's|Comedy
1393,4,1393,Jerry Maguire (1996),Drama|Romance
3200,0,3200,"Last Detail, The (1973)",Comedy|Drama
424,9,424,Blue Chips (1994),Drama
427,9,427,Boxing Helena (1993),Mystery|Romance|Thriller
2091,9,2091,Return from Witch Mountain (1978),Children's|Sci-Fi
426,9,426,Body Snatchers (1993),Horror|Sci-Fi|Thriller
3659,9,3659,Quatermass II (1957),Sci-Fi|Thriller
1128,9,1128,"Fog, The (1980)",Horror
1129,4,1129,Escape from New York (1981),Action|Adventure|Sci-Fi|Thriller
2834,9,2834,"Very Thought of You, The (1998)",Comedy|Romance
1120,2,1120,"People vs. Larry Flynt, The (1996)",Drama
1121,9,1121,Glory Daze (1996),Drama
1123,9,1123,"Perfect Candidate, A (1996)",Documentary
1124,0,1124,On Golden Pond (1981),Drama
1125,0,1125,"Return of the Pink Panther, The (1974)",Comedy
1126,2,1126,Drop Dead Fred (1991),Comedy|Fantasy
1127,4,1127,"Abyss, The (1989)",Action|Adventure|Sci-Fi|Thriller
2989,2,2989,For Your Eyes Only (1981),Action
2988,9,2988,Melvin and Howard (1980),Drama
3029,9,3029,Nighthawks (1981),Action|Drama
3028,9,3028,"Taming of the Shrew, The (1967)",Comedy
2983,9,2983,"Ipcress File, The (1965)",Thriller
2982,9,2982,"Guardian, The (1990)",Horror|Thriller
3025,9,3025,Rough Night in Jericho (1967),Western
3024,9,3024,Piranha (1978),Horror|Sci-Fi
2987,8,2987,Who Framed Roger Rabbit? (1988),Adventure|Animation|Film-Noir
3022,0,3022,"General, The (1927)",Comedy
2985,4,2985,Robocop (1987),Action|Crime|Sci-Fi
3020,2,3020,Falling Down (1993),Action|Drama
524,2,524,Rudy (1993),Drama
525,9,525,"Saint of Fort Washington, The (1993)",Drama
526,9,526,"Savage Nights (Nuits fauves, Les) (1992)",Drama
527,7,527,Schindler's List (1993),Drama|War
520,2,520,Robin Hood: Men in Tights (1993),Comedy
521,9,521,Romeo Is Bleeding (1993),Crime|Thriller
522,9,522,Romper Stomper (1992),Action|Drama
523,9,523,Ruby in Paradise (1993),Drama
1014,9,1014,Pollyanna (1960),Children's|Comedy|Drama
1015,2,1015,Homeward Bound: The Incredible Journey (1993),Adventure|Children's
1016,9,1016,"Shaggy Dog, The (1959)",Children's|Comedy
1017,2,1017,Swiss Family Robinson (1960),Adventure|Children's
528,9,528,"Scout, The (1994)",Drama
529,0,529,Searching for Bobby Fischer (1993),Drama
1012,2,1012,Old Yeller (1957),Children's|Drama
1013,2,1013,"Parent Trap, The (1961)",Children's|Drama
1234,1,1234,"Sting, The (1973)",Comedy|Crime
1235,1,1235,Harold and Maude (1971),Comedy
1236,9,1236,Trust (1990),Comedy|Drama
1237,0,1237,"Seventh Seal, The (Sjunde inseglet, Det) (1957)",Drama
1230,1,1230,Annie Hall (1977),Comedy|Romance
1231,0,1231,"Right Stuff, The (1983)",Drama
1232,9,1232,Stalker (1979),Mystery|Sci-Fi
1233,1,1233,"Boat, The (Das Boot) (1981)",Action|Drama|War
1238,0,1238,Local Hero (1983),Comedy
438,9,438,"Cowboy Way, The (1994)",Action|Comedy
2487,9,2487,"Blood, Guts, Bullets and Octane (1998)",Action|Comedy
436,9,436,Color of Night (1994),Drama|Thriller
437,9,437,Cops and Robbersons (1994),Comedy
434,2,434,Cliffhanger (1993),Action|Adventure|Crime
435,2,435,Coneheads (1993),Comedy|Sci-Fi
432,2,432,City Slickers II: The Legend of Curly's Gold (1994),Comedy|Western
433,9,433,Clean Slate (1994),Comedy
2830,9,2830,Cabaret Balkan (Bure Baruta) (1998),Drama
431,2,431,Carlito's Way (1993),Crime|Drama
3809,2,3809,What About Bob? (1991),Comedy
3808,9,3808,Two Women (La Ciociara) (1961),Drama|War
3805,9,3805,Knightriders (1981),Action|Adventure|Drama
3804,9,3804,H.O.T.S. (1979),Comedy
3807,9,3807,Sinbad and the Eye of the Tiger (1977),Action|Adventure
3806,9,3806,MacKenna's Gold (1969),Western
3801,0,3801,Anatomy of a Murder (1959),Drama|Mystery
3800,9,3800,Criminal Lovers (Les Amants Criminels) (1999),Drama|Romance
3803,9,3803,Greaser's Palace (1972),Drama
3802,2,3802,Freejack (1992),Action|Sci-Fi
1630,9,1630,"Lay of the Land, The (1997)",Comedy|Drama
3312,9,3312,"McCullochs, The (1975)",Drama
